sid,name,dept,application,date_of_join,status,date_of_retirement
8390,Sara,Finance,HRMS,2011-03-22,Blocked,2026-10-02
8330,Anna,Finance,FinanceDB,2023-10-07,Blocked,2025-04-01
8308,Anna,HR,FinanceDB,2012-12-25,Allowed,2025-12-14
1428,Anna,IT,Admin,2017-02-21,Allowed,2026-05-26
9986,Nina,Finance,HRMS,2013-12-29,Blocked,2029-11-25
1102,Mark,Finance,FinanceDB,2024-05-01,Blocked,2026-07-30
9080,Sara,Finance,Admin,2010-07-22,Blocked,2027-07-08
1825,Nina,Finance,HRMS,2018-09-13,Allowed,2026-03-29
6446,Paul,Finance,Admin,2020-08-10,Blocked,2025-05-04
3803,Nina,IT,FinanceDB,2013-09-28,Allowed,2026-11-04
4532,Lucy,Finance,HRMS,2012-08-05,Blocked,2026-12-11
1655,John,IT,FinanceDB,2010-08-20,Allowed,2027-04-18
7489,Paul,Finance,Admin,2018-01-30,Allowed,2028-01-12
6845,Tom,Finance,Admin,2011-06-01,Blocked,2028-09-29
1325,Tom,Finance,HRMS,2015-02-07,Allowed,2027-02-25
6472,Anna,HR,FinanceDB,2016-02-10,Blocked,2029-11-10
5096,Nina,IT,Admin,2010-01-23,Allowed,2028-01-27
3380,Tom,HR,Admin,2017-08-04,Blocked,2028-06-05
4603,Nina,HR,Admin,2020-06-16,Allowed,2028-08-05
4533,Lucy,IT,Admin,2010-09-04,Blocked,2025-01-18
7384,Sara,HR,FinanceDB,2023-12-12,Blocked,2026-01-13
2710,Anna,IT,Admin,2010-02-26,Blocked,2029-11-26
2133,John,Finance,Admin,2013-11-19,Blocked,2027-02-18
2872,Nina,IT,FinanceDB,2011-02-26,Allowed,2028-11-04
6582,Anna,IT,Admin,2013-02-18,Blocked,2025-01-02
9857,Tom,IT,HRMS,2011-05-26,Blocked,2028-09-23
7084,Nina,HR,FinanceDB,2013-01-27,Blocked,2025-08-31
9183,Jake,HR,FinanceDB,2011-02-10,Blocked,2025-08-26
8810,Nina,HR,FinanceDB,2021-04-24,Allowed,2028-12-01
7396,Paul,Finance,Admin,2023-08-06,Blocked,2026-10-21
7189,Paul,HR,Admin,2024-05-31,Allowed,2028-12-08
1984,Paul,IT,FinanceDB,2019-12-28,Blocked,2027-11-09
9912,Jake,HR,FinanceDB,2015-08-13,Blocked,2025-01-14
6170,Jake,Finance,HRMS,2023-12-05,Allowed,2029-03-31
9218,Paul,HR,FinanceDB,2017-09-15,Blocked,2026-11-02
6446,Jerry,HR,FinanceDB,2014-08-31,Blocked,2025-08-22
6744,Mark,IT,FinanceDB,2018-02-13,Blocked,2026-07-31
4023,Lucy,HR,FinanceDB,2015-04-15,Blocked,2027-06-21
7674,Paul,IT,FinanceDB,2024-11-20,Allowed,2026-01-09
4472,Tom,HR,Admin,2017-04-26,Blocked,2029-03-20
1328,Jerry,IT,FinanceDB,2016-09-02,Allowed,2027-06-23
6137,Lucy,Finance,FinanceDB,2014-09-03,Blocked,2029-05-13
9187,Paul,HR,HRMS,2012-02-08,Blocked,2028-08-04
8347,Anna,IT,HRMS,2021-04-20,Allowed,2026-02-22
9010,Jerry,Finance,Admin,2010-04-16,Blocked,2028-10-22
5310,Nina,HR,FinanceDB,2012-12-04,Blocked,2029-06-11
8704,Jake,IT,HRMS,2018-03-13,Blocked,2027-07-13
1150,Tom,IT,HRMS,2010-07-21,Allowed,2027-07-03
1457,Jerry,Finance,FinanceDB,2013-12-20,Blocked,2029-11-10
2658,Paul,HR,FinanceDB,2018-08-18,Blocked,2029-10-02
2583,Sara,IT,Admin,2023-08-02,Allowed,2026-01-31
6272,John,HR,FinanceDB,2016-11-14,Allowed,2025-12-28
5255,Jerry,IT,HRMS,2013-10-03,Allowed,2027-01-02
7542,Lucy,HR,Admin,2019-10-22,Allowed,2025-04-06
4230,Nina,IT,Admin,2019-07-25,Allowed,2025-04-30
4076,Tom,HR,FinanceDB,2012-04-22,Blocked,2025-07-07
8730,Anna,HR,HRMS,2014-08-15,Allowed,2026-03-25
5843,Anna,Finance,FinanceDB,2019-10-25,Blocked,2025-03-13
4305,Jake,Finance,Admin,2015-05-11,Blocked,2028-06-20
2147,Paul,IT,FinanceDB,2021-01-16,Allowed,2029-12-26
8935,Nina,IT,HRMS,2015-09-12,Blocked,2027-11-07
1404,Mark,HR,FinanceDB,2012-07-19,Blocked,2029-05-24
6446,Paul,IT,HRMS,2015-12-06,Blocked,2026-11-05
7279,Jake,IT,FinanceDB,2023-08-30,Allowed,2025-08-28
5116,Mark,IT,HRMS,2021-10-27,Blocked,2026-11-21
7325,John,IT,Admin,2022-07-01,Blocked,2028-01-25
9050,Nina,IT,HRMS,2013-05-27,Allowed,2027-11-24
3277,Lucy,HR,FinanceDB,2011-10-13,Allowed,2029-08-03
5244,Paul,HR,Admin,2020-12-17,Blocked,2029-05-22
1729,Tom,IT,Admin,2023-02-02,Allowed,2028-03-07
1912,Lucy,IT,Admin,2014-11-28,Allowed,2025-05-06
2677,Nina,Finance,HRMS,2021-02-02,Allowed,2029-10-12
2433,Paul,Finance,FinanceDB,2021-09-24,Allowed,2027-01-22
2419,John,IT,HRMS,2022-03-06,Blocked,2028-01-01
6333,Tom,IT,Admin,2015-07-21,Blocked,2026-12-02
8943,John,IT,Admin,2024-09-29,Blocked,2028-01-20
8097,Jake,IT,Admin,2015-05-27,Blocked,2026-07-26
4635,Tom,HR,HRMS,2023-04-12,Blocked,2026-04-17
8542,Lucy,IT,HRMS,2018-05-01,Allowed,2027-11-27
3078,Lucy,HR,Admin,2016-09-25,Allowed,2026-11-14
9338,Jerry,Finance,HRMS,2014-04-01,Blocked,2026-08-01
3611,Sara,Finance,HRMS,2020-08-10,Allowed,2028-03-30
7207,Jerry,Finance,FinanceDB,2020-04-30,Blocked,2028-01-15
8123,Lucy,IT,HRMS,2014-04-04,Allowed,2028-06-30
3109,Tom,IT,FinanceDB,2014-04-22,Allowed,2027-11-10
8462,Anna,HR,HRMS,2024-11-08,Allowed,2025-03-20
3542,Anna,HR,FinanceDB,2010-09-10,Allowed,2026-12-01
8286,Sara,IT,HRMS,2020-08-21,Blocked,2028-08-17
7927,Jerry,HR,FinanceDB,2024-06-01,Allowed,2028-12-19
7994,Mark,IT,Admin,2015-12-23,Allowed,2025-09-21
5887,Nina,IT,FinanceDB,2013-12-23,Blocked,2029-12-04
9042,Nina,Finance,Admin,2021-02-28,Allowed,2026-04-18
3956,Paul,IT,Admin,2022-01-07,Allowed,2027-06-06
2991,Sara,HR,HRMS,2018-10-16,Blocked,2027-06-15
8882,Jerry,HR,Admin,2024-04-23,Blocked,2025-04-30
1818,Jake,Finance,FinanceDB,2012-11-12,Blocked,2029-04-25
7266,Lucy,Finance,Admin,2011-11-26,Blocked,2025-10-29
9318,Nina,Finance,HRMS,2020-12-09,Blocked,2026-08-29
4545,Tom,Finance,Admin,2014-10-15,Blocked,2025-08-27
1950,Jake,IT,HRMS,2017-09-12,Blocked,2028-09-19
6558,Tom,IT,FinanceDB,2024-07-08,Blocked,2025-09-27
6427,Sara,HR,FinanceDB,2024-08-06,Allowed,2025-05-28
6023,Jake,Finance,FinanceDB,2015-03-19,Allowed,2028-12-05
5075,Nina,HR,HRMS,2018-02-03,Allowed,2028-09-06
2796,Nina,HR,FinanceDB,2024-05-06,Allowed,2025-08-19
7918,Nina,Finance,HRMS,2024-04-22,Blocked,2028-02-09
5398,Jerry,IT,Admin,2014-01-04,Allowed,2027-11-11
9585,Mark,Finance,Admin,2019-01-05,Allowed,2026-06-02
2124,Tom,IT,HRMS,2023-04-19,Blocked,2025-02-14
1436,Nina,HR,Admin,2020-06-30,Blocked,2027-02-23
8949,Jake,HR,Admin,2012-02-06,Blocked,2029-11-09
2522,Mark,Finance,HRMS,2017-05-20,Blocked,2029-03-01
3871,John,Finance,FinanceDB,2010-04-28,Blocked,2025-01-11
5629,Anna,Finance,FinanceDB,2016-08-28,Blocked,2026-05-01
4854,Lucy,HR,HRMS,2016-12-05,Allowed,2028-01-20
4065,Jerry,HR,FinanceDB,2012-09-01,Blocked,2028-08-04
8420,John,Finance,FinanceDB,2024-01-05,Blocked,2026-07-19
4646,Jake,IT,FinanceDB,2013-12-05,Blocked,2026-05-31
9373,Tom,IT,FinanceDB,2019-09-23,Blocked,2028-04-08
1462,Mark,IT,HRMS,2023-09-12,Allowed,2027-10-04
2644,Nina,IT,HRMS,2021-01-19,Blocked,2029-12-06
5032,Mark,HR,FinanceDB,2017-02-07,Blocked,2028-07-07
8445,Mark,IT,HRMS,2015-02-24,Allowed,2025-04-06
5532,Jerry,Finance,Admin,2021-11-27,Allowed,2026-08-07
5360,Jake,Finance,FinanceDB,2014-12-29,Blocked,2027-12-02
8266,Paul,Finance,FinanceDB,2011-07-17,Blocked,2028-12-22
7034,Nina,Finance,Admin,2022-07-06,Blocked,2028-07-12
4414,John,HR,Admin,2022-07-07,Blocked,2029-05-03
7656,Jerry,Finance,FinanceDB,2022-04-06,Blocked,2029-01-16
8166,Lucy,Finance,HRMS,2020-10-24,Allowed,2025-05-26
4709,Jake,IT,Admin,2010-06-10,Blocked,2029-09-01
5358,Anna,HR,Admin,2018-02-23,Blocked,2025-07-25
6132,Nina,IT,FinanceDB,2015-04-28,Blocked,2025-11-05
6513,Nina,Finance,Admin,2020-05-25,Allowed,2028-12-23
5558,Paul,Finance,HRMS,2011-06-16,Blocked,2025-08-23
1327,Sara,IT,Admin,2013-02-05,Blocked,2027-10-21
1534,Tom,HR,HRMS,2019-03-08,Allowed,2027-11-25
9608,Anna,IT,Admin,2016-04-29,Allowed,2029-07-12
4966,Mark,IT,HRMS,2017-10-31,Blocked,2026-04-24
8273,Anna,Finance,FinanceDB,2011-06-04,Allowed,2028-02-26
3558,Paul,IT,HRMS,2019-12-27,Blocked,2027-09-20
8458,Nina,HR,HRMS,2013-08-23,Allowed,2025-07-15
5306,Jerry,Finance,Admin,2014-02-14,Allowed,2025-11-07
4617,Anna,HR,Admin,2020-01-19,Blocked,2026-04-08
6728,Jake,HR,HRMS,2018-02-09,Blocked,2027-06-05
1885,Anna,Finance,HRMS,2013-07-14,Blocked,2029-07-08
8512,Mark,IT,FinanceDB,2023-12-13,Blocked,2025-04-29
4885,Mark,Finance,Admin,2017-12-07,Allowed,2029-05-18
8442,Nina,HR,Admin,2014-12-29,Blocked,2028-06-26
7782,John,IT,FinanceDB,2010-04-12,Allowed,2029-08-25
1189,Jake,IT,FinanceDB,2015-12-13,Blocked,2027-03-05
9948,Lucy,HR,FinanceDB,2020-10-16,Allowed,2028-10-03
2599,Tom,Finance,FinanceDB,2012-07-31,Allowed,2028-02-12
7098,Tom,Finance,Admin,2020-06-17,Blocked,2029-02-06
5035,John,IT,FinanceDB,2015-09-20,Allowed,2027-03-21
9513,Sara,HR,Admin,2014-07-05,Blocked,2027-11-30
1287,Paul,IT,HRMS,2024-02-20,Blocked,2026-07-08
8371,Lucy,HR,HRMS,2011-07-15,Allowed,2026-05-24
3306,Anna,Finance,HRMS,2016-02-21,Blocked,2027-01-08
1854,Anna,Finance,Admin,2016-03-05,Blocked,2026-10-24
1715,Sara,Finance,FinanceDB,2017-07-22,Allowed,2025-02-02
9414,Jerry,Finance,Admin,2024-11-02,Blocked,2025-07-31
1865,John,Finance,Admin,2022-08-30,Blocked,2027-12-20
5164,Lucy,IT,Admin,2018-02-12,Allowed,2025-09-22
3248,Jake,HR,Admin,2011-02-09,Allowed,2027-05-13
3229,Mark,IT,HRMS,2024-11-12,Allowed,2026-05-10
1526,John,Finance,HRMS,2010-08-26,Allowed,2027-02-25
8404,John,HR,HRMS,2015-11-19,Allowed,2029-07-16
3435,Anna,IT,Admin,2022-04-17,Blocked,2027-08-01
3281,Tom,Finance,Admin,2018-03-15,Allowed,2027-02-17
5432,Anna,Finance,HRMS,2024-03-14,Allowed,2027-03-04
9510,Jake,Finance,HRMS,2016-07-16,Blocked,2025-03-30
3835,Nina,IT,Admin,2012-01-15,Allowed,2028-10-16
2604,Jerry,IT,Admin,2012-10-20,Allowed,2027-01-17
6300,Anna,Finance,FinanceDB,2015-11-01,Allowed,2027-10-06
8837,John,IT,Admin,2024-10-15,Allowed,2029-08-23
9970,Jerry,Finance,HRMS,2016-08-28,Blocked,2025-11-12
9871,Sara,Finance,FinanceDB,2015-10-29,Blocked,2026-02-22
1828,Lucy,HR,HRMS,2019-12-05,Blocked,2025-04-26
1429,Mark,Finance,HRMS,2019-10-30,Blocked,2027-05-18
5766,John,IT,FinanceDB,2022-04-12,Blocked,2029-10-19
7290,Paul,Finance,FinanceDB,2012-12-11,Allowed,2026-08-22
7030,Mark,HR,Admin,2012-03-04,Blocked,2025-02-04
3988,Paul,IT,HRMS,2018-08-26,Blocked,2025-01-15
7649,Lucy,HR,HRMS,2010-05-06,Blocked,2025-09-12
8486,Paul,Finance,Admin,2021-07-21,Allowed,2026-01-17
5234,Tom,IT,Admin,2014-02-25,Blocked,2028-01-04
5073,Nina,Finance,FinanceDB,2018-12-12,Blocked,2025-09-30
3689,Anna,HR,FinanceDB,2018-05-27,Blocked,2027-09-04
5737,Nina,IT,HRMS,2022-01-13,Blocked,2027-10-13
2783,Nina,IT,Admin,2015-03-17,Blocked,2025-05-04
2283,Mark,HR,FinanceDB,2019-02-25,Allowed,2026-04-07
1210,Tom,HR,HRMS,2015-03-27,Allowed,2028-03-08
5448,John,IT,HRMS,2015-03-26,Blocked,2027-02-24
1314,Nina,IT,HRMS,2012-05-25,Blocked,2026-08-13
7921,Nina,HR,Admin,2018-05-08,Blocked,2028-01-13
5510,Sara,HR,Admin,2022-06-19,Allowed,2027-04-25
2514,Nina,IT,Admin,2023-11-22,Allowed,2029-08-12
1766,Jerry,HR,HRMS,2019-09-07,Blocked,2027-10-02
1450,Mark,IT,Admin,2016-07-03,Blocked,2029-09-27
1878,Jerry,HR,Admin,2021-07-27,Allowed,2026-04-20
4930,Lucy,Finance,Admin,2021-09-01,Blocked,2029-01-29
4573,Lucy,HR,FinanceDB,2021-04-07,Blocked,2026-06-09
6517,Nina,HR,FinanceDB,2020-12-12,Allowed,2029-11-27
8204,Paul,IT,Admin,2018-09-25,Allowed,2025-01-12
1776,John,IT,FinanceDB,2016-08-23,Allowed,2025-02-15
5156,Mark,IT,HRMS,2021-09-06,Blocked,2028-05-07
4174,Lucy,HR,Admin,2020-03-12,Allowed,2028-01-12
7153,Jake,Finance,HRMS,2014-08-29,Allowed,2025-06-11
4827,Jake,IT,Admin,2019-08-16,Allowed,2026-05-04
5580,Nina,IT,Admin,2013-04-24,Blocked,2029-04-30
6110,Mark,IT,HRMS,2013-01-01,Blocked,2026-07-23
7125,Nina,Finance,HRMS,2015-06-20,Blocked,2026-04-08
1043,Tom,Finance,FinanceDB,2012-12-31,Allowed,2025-01-22
2262,Sara,HR,FinanceDB,2012-03-18,Allowed,2029-02-12
3889,Paul,Finance,FinanceDB,2016-07-22,Blocked,2028-02-25
6501,Mark,Finance,HRMS,2017-06-04,Blocked,2027-02-13
4327,Nina,Finance,Admin,2018-11-01,Blocked,2025-08-13
7613,John,Finance,HRMS,2014-05-02,Allowed,2025-01-16
1360,Jake,Finance,Admin,2024-03-06,Allowed,2028-08-10
2476,John,Finance,Admin,2012-02-07,Allowed,2027-07-18
7228,Jake,HR,HRMS,2015-11-12,Allowed,2027-06-07
6548,Anna,Finance,HRMS,2018-05-14,Allowed,2029-12-04
6804,Anna,HR,FinanceDB,2022-08-07,Blocked,2029-01-22
9862,Sara,Finance,FinanceDB,2018-04-07,Blocked,2026-07-23
2617,Jake,HR,FinanceDB,2015-02-19,Allowed,2026-10-23
6346,Tom,Finance,FinanceDB,2010-05-09,Blocked,2028-04-24
7966,Tom,Finance,Admin,2014-05-22,Blocked,2029-01-06
5131,Mark,Finance,FinanceDB,2011-12-10,Blocked,2027-05-23
2270,Tom,HR,FinanceDB,2010-05-27,Blocked,2029-09-03
8968,Lucy,IT,Admin,2024-10-15,Blocked,2025-04-29
8101,Nina,IT,Admin,2012-05-02,Allowed,2027-10-08
9015,Mark,HR,FinanceDB,2018-09-07,Blocked,2027-04-03
1403,Jerry,Finance,FinanceDB,2016-11-06,Blocked,2025-11-17
6738,Lucy,Finance,Admin,2015-05-10,Blocked,2026-01-06
7256,Jake,Finance,HRMS,2020-05-12,Blocked,2029-04-19
6305,Nina,HR,HRMS,2018-07-30,Blocked,2029-09-14
9730,Nina,HR,HRMS,2010-03-06,Blocked,2026-06-25
7472,Mark,HR,Admin,2017-08-04,Allowed,2029-04-05
4744,Mark,IT,HRMS,2011-08-31,Allowed,2025-07-13
3552,Lucy,IT,HRMS,2011-01-05,Blocked,2027-03-13
3879,John,HR,FinanceDB,2016-03-07,Allowed,2026-08-20
8638,Lucy,Finance,Admin,2014-03-29,Blocked,2029-01-06
6274,John,IT,HRMS,2014-04-11,Blocked,2026-05-21
3712,Lucy,IT,Admin,2014-09-07,Blocked,2025-06-03
3603,John,Finance,FinanceDB,2019-09-12,Blocked,2025-08-13
3314,John,HR,Admin,2016-04-18,Allowed,2027-06-27
7549,Jerry,IT,Admin,2011-01-03,Allowed,2029-08-29
4193,Anna,HR,Admin,2020-07-20,Allowed,2026-03-16
8311,Lucy,HR,HRMS,2010-01-09,Blocked,2029-10-06
1442,John,IT,Admin,2019-09-05,Blocked,2026-07-27
5423,Lucy,Finance,Admin,2016-10-21,Allowed,2029-06-16
4937,Tom,IT,HRMS,2021-02-27,Blocked,2025-09-06
5712,John,HR,HRMS,2021-08-31,Blocked,2027-10-21
2478,Anna,HR,FinanceDB,2021-07-02,Blocked,2026-12-18
8339,Paul,Finance,HRMS,2011-07-03,Blocked,2026-09-10
8508,Anna,IT,HRMS,2024-03-22,Blocked,2029-05-23
7945,Paul,IT,FinanceDB,2022-05-18,Blocked,2028-04-16
8256,Anna,HR,FinanceDB,2020-08-03,Allowed,2027-08-04
4237,Lucy,HR,HRMS,2017-10-01,Blocked,2025-10-20
8594,John,HR,FinanceDB,2022-07-12,Blocked,2028-07-21
9904,Jerry,IT,HRMS,2012-05-10,Blocked,2028-05-10
1225,Anna,Finance,HRMS,2024-11-30,Allowed,2027-10-04
3533,Jake,IT,HRMS,2022-02-04,Blocked,2027-11-04
5138,Anna,Finance,FinanceDB,2011-09-30,Blocked,2028-11-09
4706,Tom,IT,HRMS,2023-12-17,Allowed,2028-06-26
2837,Lucy,IT,Admin,2021-06-22,Blocked,2028-03-13
3553,Paul,Finance,FinanceDB,2015-06-02,Blocked,2029-10-12
3711,John,HR,FinanceDB,2017-07-04,Allowed,2027-04-06
2829,Jake,HR,FinanceDB,2021-10-25,Blocked,2028-12-08
5776,Jake,Finance,FinanceDB,2015-03-21,Allowed,2027-08-22
1768,Jerry,Finance,Admin,2015-10-06,Blocked,2029-07-31
8406,Tom,Finance,Admin,2012-06-04,Blocked,2028-02-05
2235,Anna,IT,FinanceDB,2019-06-03,Blocked,2026-12-17
4182,Sara,Finance,Admin,2013-08-11,Blocked,2029-03-16
7290,Jerry,Finance,Admin,2012-11-14,Blocked,2025-06-28
4480,Anna,IT,Admin,2022-01-31,Allowed,2028-08-21
1954,Tom,IT,FinanceDB,2023-11-19,Blocked,2029-07-02
5348,Anna,HR,Admin,2024-11-16,Allowed,2029-11-15
5820,Lucy,Finance,HRMS,2021-03-12,Blocked,2028-04-15
2364,Mark,Finance,HRMS,2023-12-05,Blocked,2029-07-27
4757,Jake,HR,FinanceDB,2017-04-29,Blocked,2026-03-09
4559,Jake,Finance,Admin,2011-03-28,Blocked,2029-08-28
3831,Mark,Finance,FinanceDB,2024-10-18,Allowed,2026-03-30
3439,Sara,Finance,FinanceDB,2021-06-13,Allowed,2029-11-23
8413,Nina,Finance,FinanceDB,2019-03-23,Blocked,2028-10-26
3698,Tom,IT,HRMS,2015-10-07,Blocked,2026-01-23
1795,John,Finance,FinanceDB,2010-02-09,Blocked,2028-04-07
3396,Paul,IT,HRMS,2018-06-10,Allowed,2027-12-26
5801,Paul,Finance,HRMS,2014-02-11,Blocked,2025-04-18
7086,Tom,IT,FinanceDB,2013-11-30,Blocked,2025-03-08
1711,Lucy,Finance,FinanceDB,2022-01-23,Allowed,2026-07-27
2588,Anna,IT,FinanceDB,2021-01-29,Allowed,2027-10-03
6370,Paul,HR,Admin,2016-12-27,Blocked,2025-11-26
7838,Jake,Finance,FinanceDB,2018-10-13,Blocked,2028-02-02
9811,Paul,Finance,HRMS,2010-01-06,Blocked,2027-07-09
1477,Nina,IT,HRMS,2024-11-22,Allowed,2029-02-08
2697,Jake,IT,HRMS,2024-12-12,Allowed,2029-10-10
7833,Nina,HR,Admin,2024-09-19,Allowed,2026-01-01
9284,Jake,IT,Admin,2010-11-29,Blocked,2026-07-28
9930,Jerry,IT,FinanceDB,2023-08-26,Allowed,2028-12-01
3028,Lucy,IT,FinanceDB,2012-06-11,Blocked,2027-10-14
2779,Lucy,IT,HRMS,2022-04-24,Allowed,2025-02-21
6791,John,Finance,FinanceDB,2024-11-04,Allowed,2026-11-12
7506,Paul,IT,HRMS,2024-07-19,Allowed,2028-10-09
9552,Jerry,Finance,HRMS,2019-01-31,Blocked,2028-12-17
2308,Mark,Finance,FinanceDB,2011-08-12,Blocked,2026-02-06
9582,Jerry,IT,FinanceDB,2013-02-23,Allowed,2027-12-28
6413,Nina,Finance,FinanceDB,2016-09-12,Allowed,2027-08-01
6546,Mark,Finance,FinanceDB,2021-05-28,Blocked,2029-04-01
6652,Lucy,HR,FinanceDB,2023-03-02,Allowed,2025-01-23
1918,Tom,HR,Admin,2011-12-24,Blocked,2028-01-26
8981,Mark,IT,HRMS,2014-09-15,Blocked,2026-02-26
7326,John,HR,Admin,2013-03-23,Allowed,2027-02-17
7496,Jake,IT,FinanceDB,2023-01-15,Blocked,2025-04-27
9646,Jake,Finance,HRMS,2010-08-03,Blocked,2025-10-27
4634,John,HR,HRMS,2024-02-24,Allowed,2026-08-26
4053,Nina,Finance,FinanceDB,2021-10-26,Allowed,2027-12-16
3066,Tom,HR,Admin,2022-10-14,Allowed,2027-06-22
8879,Jerry,HR,HRMS,2020-10-26,Allowed,2025-08-18
1852,Anna,Finance,Admin,2023-02-27,Allowed,2029-04-04
3037,Anna,Finance,FinanceDB,2011-12-27,Blocked,2029-01-26
2835,Jerry,Finance,HRMS,2023-12-07,Blocked,2025-07-14
7567,John,IT,FinanceDB,2020-03-24,Blocked,2029-08-31
2470,Jerry,IT,HRMS,2022-09-04,Allowed,2025-01-19
2799,John,IT,Admin,2011-10-06,Allowed,2027-01-25
9150,Jake,IT,HRMS,2022-05-21,Blocked,2028-01-22
1295,Tom,Finance,Admin,2014-06-28,Blocked,2028-02-04
5180,Jerry,Finance,FinanceDB,2017-05-05,Blocked,2029-10-05
6276,John,IT,HRMS,2018-03-01,Allowed,2029-08-18
5723,Mark,HR,Admin,2014-10-09,Blocked,2029-02-01
1617,Sara,IT,Admin,2018-03-26,Allowed,2026-12-26
1087,Jake,HR,HRMS,2011-05-04,Blocked,2029-07-10
5457,Nina,HR,Admin,2015-08-14,Blocked,2025-08-11
6599,Anna,Finance,FinanceDB,2013-11-12,Blocked,2029-05-13
8388,Jerry,IT,FinanceDB,2011-04-10,Allowed,2027-11-07
1525,Jerry,HR,FinanceDB,2019-05-19,Blocked,2025-06-26
8154,Paul,IT,HRMS,2011-08-25,Blocked,2028-09-28
1959,Nina,Finance,FinanceDB,2012-07-26,Allowed,2026-08-22
1548,Tom,HR,FinanceDB,2012-12-22,Blocked,2027-07-09
3071,Nina,HR,HRMS,2013-08-31,Blocked,2029-03-23
2046,Jake,Finance,FinanceDB,2013-07-11,Blocked,2027-05-19
9539,Anna,IT,HRMS,2017-08-15,Blocked,2025-06-30
1319,Mark,IT,HRMS,2016-04-17,Allowed,2027-09-16
6916,Mark,Finance,Admin,2016-06-10,Blocked,2026-04-23
7476,Paul,HR,Admin,2013-11-10,Allowed,2029-02-04
2308,Sara,Finance,HRMS,2016-03-20,Blocked,2025-09-05
5113,Anna,Finance,FinanceDB,2022-07-24,Blocked,2026-03-08
7551,Mark,IT,Admin,2022-07-29,Allowed,2028-07-21
1721,John,Finance,FinanceDB,2011-10-09,Blocked,2028-08-26
8838,Mark,Finance,Admin,2011-07-29,Blocked,2029-10-26
1594,Nina,HR,Admin,2022-07-05,Blocked,2029-09-08
1438,Lucy,HR,Admin,2019-07-20,Blocked,2026-01-23
6973,Mark,IT,HRMS,2017-01-02,Allowed,2029-02-25
8254,Jerry,IT,FinanceDB,2013-04-06,Allowed,2025-07-03
6884,Mark,Finance,HRMS,2010-08-21,Blocked,2027-09-07
9939,Sara,Finance,Admin,2018-10-03,Blocked,2029-09-06
1749,Mark,Finance,Admin,2010-08-11,Blocked,2027-03-15
8068,Jake,Finance,Admin,2012-06-16,Allowed,2028-10-06
3953,Jerry,IT,HRMS,2017-05-20,Allowed,2026-11-30
9528,Lucy,Finance,HRMS,2020-04-03,Allowed,2029-03-28
5144,Mark,Finance,HRMS,2016-10-30,Blocked,2028-02-24
1922,Sara,IT,Admin,2019-01-29,Blocked,2025-06-10
1901,John,IT,FinanceDB,2023-05-09,Allowed,2029-05-29
8238,Jerry,HR,Admin,2012-01-30,Allowed,2027-12-08
8311,Mark,IT,HRMS,2016-04-03,Allowed,2029-07-13
7509,Paul,HR,HRMS,2013-11-20,Allowed,2025-11-15
3268,Jerry,HR,FinanceDB,2020-10-03,Allowed,2029-08-29
3435,Lucy,IT,HRMS,2022-12-23,Blocked,2029-11-09
6617,Nina,HR,Admin,2018-01-23,Allowed,2025-07-29
6740,Lucy,Finance,Admin,2024-09-11,Allowed,2028-10-28
6543,Tom,IT,Admin,2016-08-17,Allowed,2026-07-22
2084,Anna,HR,FinanceDB,2023-01-05,Allowed,2027-10-12
6851,Tom,Finance,FinanceDB,2010-06-08,Blocked,2025-11-14
8548,Nina,HR,FinanceDB,2019-12-21,Blocked,2028-08-04
6422,Sara,IT,HRMS,2015-04-04,Allowed,2028-05-19
9355,Paul,Finance,HRMS,2021-02-23,Allowed,2028-06-23
2891,Lucy,IT,HRMS,2012-01-10,Allowed,2028-08-28
4296,Paul,Finance,HRMS,2016-05-26,Blocked,2026-08-17
7418,Mark,IT,Admin,2020-05-03,Allowed,2029-11-22
7962,Anna,IT,HRMS,2015-06-24,Allowed,2027-11-05
9508,Sara,Finance,FinanceDB,2017-02-12,Allowed,2028-04-07
8050,Paul,Finance,Admin,2018-12-27,Blocked,2026-12-11
6567,Sara,Finance,Admin,2016-05-29,Blocked,2028-02-26
4896,Lucy,IT,FinanceDB,2018-01-15,Allowed,2027-04-15
5554,Sara,Finance,Admin,2020-11-12,Allowed,2026-10-15
2823,Nina,IT,HRMS,2012-05-26,Allowed,2026-01-04
8892,Lucy,IT,FinanceDB,2023-11-20,Allowed,2029-02-25
8037,Lucy,HR,HRMS,2019-11-13,Allowed,2029-11-11
1571,Paul,IT,HRMS,2021-02-28,Blocked,2028-02-16
6303,Mark,IT,Admin,2011-08-24,Allowed,2026-11-05
7017,Tom,IT,Admin,2021-02-14,Blocked,2028-02-23
6642,Nina,IT,HRMS,2020-01-01,Allowed,2026-11-12
9781,Tom,IT,Admin,2023-06-12,Allowed,2025-08-23
6801,Tom,Finance,FinanceDB,2014-10-01,Allowed,2025-05-30
5742,John,Finance,FinanceDB,2018-05-15,Blocked,2029-04-19
9583,Anna,HR,FinanceDB,2016-09-20,Blocked,2026-09-06
4435,Tom,HR,FinanceDB,2024-09-16,Allowed,2025-08-11
6498,Anna,HR,HRMS,2014-11-22,Allowed,2025-05-04
3531,Anna,Finance,FinanceDB,2013-02-15,Blocked,2027-03-19
3633,Tom,Finance,HRMS,2011-01-04,Blocked,2026-11-23
7900,John,HR,Admin,2012-05-24,Allowed,2026-09-30
9689,Sara,HR,FinanceDB,2024-01-14,Blocked,2029-12-11
4180,Jake,Finance,Admin,2020-12-17,Allowed,2025-08-05
2833,John,IT,Admin,2011-01-15,Allowed,2027-04-03
9162,Anna,IT,HRMS,2021-05-04,Allowed,2025-09-23
1463,Jake,Finance,HRMS,2018-08-15,Blocked,2028-10-02
8138,Lucy,Finance,Admin,2014-11-07,Blocked,2029-08-28
1306,Jerry,HR,FinanceDB,2021-06-06,Allowed,2027-05-10
4486,John,HR,Admin,2013-12-02,Blocked,2027-08-12
1964,Jake,IT,FinanceDB,2013-08-21,Allowed,2029-06-01
3891,Anna,IT,Admin,2020-01-27,Blocked,2029-02-14
8129,Jerry,IT,FinanceDB,2010-10-27,Blocked,2028-12-19
8587,Jerry,Finance,HRMS,2013-12-20,Blocked,2025-01-13
5557,Nina,Finance,FinanceDB,2023-01-14,Blocked,2029-11-19
7236,John,HR,HRMS,2022-05-10,Blocked,2027-07-05
3575,Jerry,IT,FinanceDB,2018-04-30,Allowed,2026-11-21
4379,Jake,IT,Admin,2010-10-01,Blocked,2025-05-17
3456,Paul,IT,Admin,2011-03-01,Allowed,2027-11-19
6516,Nina,HR,Admin,2012-08-08,Blocked,2025-07-25
3152,John,IT,Admin,2020-02-26,Blocked,2025-09-19
9275,Nina,HR,Admin,2015-10-27,Allowed,2026-07-05
6374,Tom,HR,Admin,2010-04-22,Allowed,2029-03-01
8081,John,HR,Admin,2013-02-19,Blocked,2029-08-15
2195,Nina,IT,FinanceDB,2024-11-04,Blocked,2026-06-03
9750,Lucy,IT,HRMS,2021-10-15,Allowed,2028-04-04
9795,Anna,Finance,HRMS,2019-09-27,Blocked,2029-06-06
3535,Mark,Finance,HRMS,2016-11-09,Allowed,2029-05-23
8442,Lucy,Finance,Admin,2018-05-06,Allowed,2025-07-23
2582,Mark,IT,FinanceDB,2024-12-23,Blocked,2029-06-05
9298,Jake,HR,FinanceDB,2018-01-06,Allowed,2026-06-15
3216,John,IT,Admin,2015-04-22,Allowed,2028-08-22
4051,Paul,Finance,Admin,2012-11-15,Allowed,2029-01-20
8954,John,Finance,Admin,2021-10-06,Blocked,2026-05-03
9577,Sara,IT,Admin,2023-05-08,Blocked,2029-11-16
1253,Sara,HR,HRMS,2020-01-18,Allowed,2029-05-08
1323,Lucy,IT,Admin,2012-05-02,Blocked,2026-11-06
4388,Tom,Finance,HRMS,2013-08-06,Allowed,2026-11-08
6083,Mark,HR,Admin,2022-11-22,Blocked,2026-07-07
1267,Jerry,Finance,Admin,2018-12-27,Allowed,2028-03-01
2993,Mark,Finance,FinanceDB,2010-05-08,Allowed,2025-11-20
1933,John,HR,HRMS,2016-11-29,Allowed,2028-05-12
7305,Lucy,Finance,Admin,2020-05-14,Allowed,2029-03-27
3699,Mark,IT,Admin,2011-09-29,Blocked,2029-12-23
8805,Paul,Finance,HRMS,2019-11-09,Allowed,2027-12-03
7661,Sara,Finance,Admin,2014-02-08,Blocked,2025-06-12
6545,Paul,HR,FinanceDB,2021-11-10,Blocked,2026-09-26
7336,Paul,HR,Admin,2021-12-18,Allowed,2029-08-25
8778,Tom,HR,Admin,2022-10-28,Blocked,2025-03-13
3120,Nina,HR,FinanceDB,2015-12-22,Allowed,2026-03-05
9917,Mark,IT,HRMS,2011-10-18,Allowed,2027-04-18
1228,Sara,Finance,HRMS,2020-02-09,Allowed,2028-10-09
5887,Nina,HR,HRMS,2013-12-17,Blocked,2026-01-23
7813,Jake,HR,FinanceDB,2023-08-08,Blocked,2028-04-07
2682,Mark,Finance,HRMS,2014-03-11,Blocked,2027-05-31
2935,Tom,HR,HRMS,2017-11-16,Allowed,2029-06-06
2714,Tom,IT,Admin,2012-03-13,Blocked,2029-06-10
5781,Anna,IT,FinanceDB,2010-10-05,Allowed,2029-06-29
2870,Lucy,Finance,HRMS,2010-02-02,Allowed,2025-07-13
9490,Jerry,HR,Admin,2010-06-22,Allowed,2026-05-07
4273,Mark,Finance,Admin,2023-04-17,Allowed,2026-02-28
1720,Mark,Finance,HRMS,2021-10-30,Blocked,2027-04-08
5849,Jake,IT,FinanceDB,2020-03-31,Blocked,2029-08-06
8736,Jerry,IT,FinanceDB,2022-07-16,Allowed,2029-07-07
6906,Sara,HR,HRMS,2013-03-01,Allowed,2026-10-28
5406,Sara,IT,Admin,2019-05-29,Allowed,2026-05-28
2549,Nina,Finance,FinanceDB,2019-08-26,Allowed,2027-08-09
9337,Paul,IT,Admin,2013-08-28,Allowed,2025-01-13
1362,Tom,IT,FinanceDB,2017-11-30,Allowed,2025-08-20
3577,John,IT,FinanceDB,2014-07-01,Blocked,2029-06-04
4405,John,Finance,HRMS,2024-02-08,Blocked,2029-02-16
9939,Nina,IT,Admin,2019-02-13,Allowed,2025-08-09
3734,Paul,Finance,HRMS,2023-06-04,Blocked,2027-07-31
2543,Nina,Finance,Admin,2014-10-20,Allowed,2026-10-22
8061,Jake,IT,HRMS,2021-07-06,Blocked,2028-11-15
4806,Paul,Finance,HRMS,2019-03-27,Blocked,2028-01-30
4977,Jake,IT,FinanceDB,2012-12-06,Blocked,2028-09-24
4151,Lucy,Finance,FinanceDB,2023-11-22,Allowed,2027-01-01
8681,Tom,IT,FinanceDB,2011-12-13,Blocked,2025-04-05
8121,Mark,IT,Admin,2020-10-05,Blocked,2028-09-15
1784,Jerry,HR,HRMS,2013-12-13,Blocked,2029-04-17
1569,Mark,IT,HRMS,2020-01-16,Blocked,2027-02-12
3415,Anna,HR,HRMS,2024-05-08,Allowed,2027-04-23
8825,Anna,IT,Admin,2011-07-23,Blocked,2027-01-17
9256,Jake,IT,Admin,2015-08-22,Blocked,2026-12-09
8938,Nina,HR,Admin,2018-09-08,Allowed,2028-03-04
2232,Mark,HR,FinanceDB,2019-06-27,Blocked,2028-12-11
4359,Tom,Finance,FinanceDB,2021-12-14,Blocked,2025-10-26
2240,John,HR,FinanceDB,2018-02-21,Allowed,2029-05-20
9226,Tom,Finance,Admin,2020-08-03,Blocked,2028-08-04
9849,Paul,HR,FinanceDB,2014-10-25,Blocked,2029-10-26
2917,Sara,Finance,Admin,2017-11-05,Blocked,2026-07-06
2603,Jerry,HR,Admin,2016-08-29,Allowed,2028-05-23
2313,Tom,Finance,HRMS,2010-05-08,Blocked,2029-05-07
6385,Paul,IT,Admin,2020-06-01,Blocked,2027-10-09
2357,Lucy,IT,HRMS,2018-07-10,Blocked,2028-07-09
4829,Lucy,IT,HRMS,2021-09-08,Blocked,2027-04-23
7464,John,HR,HRMS,2012-05-31,Allowed,2025-07-06
9591,Tom,Finance,Admin,2017-08-06,Blocked,2029-06-11
8272,John,Finance,Admin,2023-09-12,Blocked,2025-03-29
7843,Anna,HR,FinanceDB,2022-07-31,Allowed,2029-11-04
8132,Jake,HR,FinanceDB,2012-06-01,Allowed,2027-08-25
4030,Mark,IT,FinanceDB,2020-08-05,Allowed,2026-09-01
9460,Paul,HR,FinanceDB,2019-05-07,Blocked,2029-01-22
7749,Jerry,Finance,FinanceDB,2020-04-03,Allowed,2027-08-16
5452,Jake,HR,HRMS,2021-01-14,Blocked,2026-01-18
6596,Anna,HR,FinanceDB,2022-05-09,Allowed,2026-10-02
1330,Lucy,HR,HRMS,2023-02-05,Allowed,2028-07-19
1323,John,IT,FinanceDB,2015-10-24,Blocked,2029-09-10
4444,Nina,HR,HRMS,2024-11-01,Blocked,2029-11-25
1272,Paul,IT,Admin,2022-11-20,Blocked,2025-09-03
2908,Jerry,HR,Admin,2010-06-17,Blocked,2025-10-20
2078,Nina,IT,FinanceDB,2024-11-28,Allowed,2029-07-24
7746,Sara,HR,Admin,2019-01-11,Allowed,2025-08-25
1204,John,Finance,FinanceDB,2020-11-17,Blocked,2027-04-06
7560,Anna,HR,FinanceDB,2020-10-19,Allowed,2028-07-26
4072,Mark,Finance,Admin,2012-05-27,Blocked,2029-02-14
8060,Nina,HR,HRMS,2014-10-02,Allowed,2026-06-13
9375,Tom,Finance,FinanceDB,2013-07-09,Allowed,2026-06-13
4320,Paul,HR,FinanceDB,2015-01-08,Blocked,2026-07-23
6237,Jerry,IT,HRMS,2010-04-28,Blocked,2026-02-14
4779,Tom,Finance,HRMS,2017-12-23,Blocked,2029-03-31
1983,Jerry,IT,Admin,2022-07-31,Blocked,2027-02-27
7926,Nina,Finance,FinanceDB,2013-06-13,Blocked,2028-02-04
6883,Anna,HR,FinanceDB,2021-05-15,Blocked,2028-03-12
5088,John,Finance,HRMS,2023-07-08,Allowed,2028-01-14
6612,Sara,IT,FinanceDB,2011-07-20,Blocked,2028-11-22
4971,Sara,IT,Admin,2019-03-15,Allowed,2026-11-17
2222,Nina,Finance,HRMS,2024-09-17,Blocked,2028-11-06
6163,Tom,IT,FinanceDB,2023-10-19,Allowed,2028-06-04
7162,Tom,HR,HRMS,2022-01-22,Allowed,2026-01-30
6971,Lucy,IT,FinanceDB,2022-06-20,Blocked,2026-10-23
8032,John,HR,FinanceDB,2017-12-05,Blocked,2028-12-31
8766,Jake,Finance,HRMS,2022-08-29,Blocked,2028-04-29
3318,Paul,HR,HRMS,2017-06-11,Allowed,2027-08-06
9097,Jerry,HR,HRMS,2013-10-13,Blocked,2028-11-24
6369,Sara,HR,Admin,2022-05-26,Allowed,2027-07-27
7272,Paul,HR,Admin,2023-09-06,Allowed,2027-05-18
6144,Jake,Finance,FinanceDB,2015-03-03,Blocked,2026-04-04
7614,Jerry,HR,Admin,2022-02-28,Blocked,2026-02-16
1616,Anna,Finance,Admin,2014-02-28,Allowed,2026-08-04
4247,Lucy,IT,FinanceDB,2023-10-14,Allowed,2029-10-08
6152,Nina,IT,Admin,2021-04-06,Allowed,2027-03-13
4757,Sara,IT,Admin,2010-08-12,Blocked,2025-02-13
4357,Anna,IT,FinanceDB,2018-10-14,Allowed,2029-06-16
6041,Jerry,HR,FinanceDB,2020-12-13,Allowed,2026-09-11
3893,Nina,Finance,FinanceDB,2023-01-17,Blocked,2029-03-17
7082,Lucy,IT,Admin,2014-05-30,Allowed,2025-02-28
3455,Paul,Finance,HRMS,2022-05-04,Blocked,2028-06-07
8110,Jerry,HR,Admin,2019-01-29,Allowed,2025-07-03
5133,Jerry,IT,Admin,2019-01-10,Blocked,2028-08-11
9815,Lucy,IT,Admin,2016-12-07,Allowed,2028-04-15
6098,Nina,Finance,Admin,2021-07-21,Allowed,2026-04-18
1771,Sara,HR,Admin,2016-12-11,Allowed,2026-06-30
5079,Anna,HR,FinanceDB,2019-06-07,Allowed,2025-07-19
7618,Jake,HR,HRMS,2012-12-10,Allowed,2027-06-17
8124,Sara,IT,HRMS,2013-03-01,Allowed,2027-06-30
6285,Mark,HR,Admin,2023-10-15,Allowed,2028-10-17
3539,Anna,HR,HRMS,2019-09-13,Allowed,2026-02-15
8263,Sara,IT,FinanceDB,2024-02-05,Allowed,2026-10-14
9432,Jake,IT,Admin,2020-01-24,Allowed,2029-01-09
3726,John,HR,HRMS,2011-05-22,Allowed,2028-09-07
7509,Mark,Finance,Admin,2011-09-20,Blocked,2026-10-07
6007,Tom,HR,HRMS,2010-09-02,Allowed,2028-09-13
2632,Nina,HR,HRMS,2019-03-24,Allowed,2026-11-06
6781,Lucy,Finance,HRMS,2013-11-11,Blocked,2026-09-26
7653,Sara,IT,Admin,2022-04-17,Allowed,2026-12-27
3588,Jake,Finance,FinanceDB,2011-09-14,Allowed,2029-08-06
8086,John,IT,HRMS,2023-03-06,Allowed,2025-01-11
3090,Anna,IT,HRMS,2023-10-15,Blocked,2028-07-24
3930,Nina,HR,Admin,2021-01-02,Blocked,2028-11-10
4867,John,IT,HRMS,2020-06-27,Blocked,2027-08-14
1196,Mark,Finance,Admin,2016-10-18,Allowed,2028-06-12
8991,Anna,IT,FinanceDB,2015-08-02,Blocked,2029-08-28
5817,Mark,Finance,Admin,2020-04-11,Allowed,2029-04-30
3511,John,HR,FinanceDB,2023-02-07,Blocked,2026-08-18
2269,Paul,IT,Admin,2023-11-19,Blocked,2028-09-10
4870,Tom,HR,HRMS,2022-12-19,Allowed,2029-07-18
9671,Tom,Finance,HRMS,2012-10-17,Allowed,2029-05-08
4913,Jake,IT,Admin,2015-06-29,Blocked,2025-08-12
7257,Tom,IT,HRMS,2023-05-12,Blocked,2029-02-19
7844,Mark,Finance,HRMS,2023-05-02,Allowed,2029-04-05
7495,Tom,IT,Admin,2024-01-22,Blocked,2027-02-14
5521,Jerry,IT,Admin,2022-08-08,Allowed,2026-09-14
9722,Jake,HR,HRMS,2014-10-24,Allowed,2027-05-22
6015,Paul,Finance,FinanceDB,2015-09-14,Allowed,2025-01-02
3730,Jerry,IT,Admin,2024-06-09,Blocked,2028-06-29
8284,John,IT,HRMS,2021-05-06,Allowed,2025-11-18
8193,Tom,IT,Admin,2018-07-18,Allowed,2029-11-16
2327,Tom,Finance,Admin,2019-10-25,Blocked,2025-08-08
8015,Lucy,IT,Admin,2020-10-28,Blocked,2028-08-23
1934,Jerry,IT,HRMS,2024-04-28,Blocked,2026-11-14
9352,John,Finance,FinanceDB,2012-09-30,Allowed,2026-03-05
7024,John,HR,FinanceDB,2015-09-17,Blocked,2027-05-19
3373,Jerry,Finance,Admin,2010-10-20,Blocked,2027-12-20
1131,Mark,IT,HRMS,2019-09-07,Allowed,2027-01-14
3328,Anna,IT,FinanceDB,2023-09-06,Blocked,2025-10-11
2316,Tom,IT,HRMS,2012-09-23,Allowed,2025-04-14
6862,Mark,Finance,FinanceDB,2021-04-07,Blocked,2029-09-23
1557,Jake,Finance,Admin,2017-10-02,Allowed,2027-05-14
9737,Paul,IT,HRMS,2011-07-08,Allowed,2029-08-01
3002,Jake,Finance,FinanceDB,2014-02-20,Blocked,2028-10-24
2676,Paul,HR,HRMS,2015-09-21,Blocked,2027-12-06
5283,Paul,HR,HRMS,2015-09-20,Allowed,2028-04-10
9202,Anna,IT,FinanceDB,2013-03-26,Blocked,2028-02-11
9019,Jerry,HR,Admin,2017-04-17,Blocked,2025-09-22
8591,Tom,HR,Admin,2015-05-14,Blocked,2027-10-11
4761,Paul,IT,FinanceDB,2023-08-03,Blocked,2025-09-25
8350,Nina,Finance,Admin,2010-10-11,Allowed,2025-07-16
1375,Anna,Finance,Admin,2018-12-28,Blocked,2028-03-28
1109,Paul,Finance,Admin,2019-03-01,Blocked,2026-06-30
1033,Tom,HR,FinanceDB,2024-09-28,Allowed,2026-05-21
4937,Sara,IT,Admin,2024-10-09,Allowed,2025-12-29
8905,Anna,IT,HRMS,2016-09-29,Blocked,2029-10-01
9366,Paul,IT,HRMS,2013-04-28,Blocked,2027-11-27
8020,Jerry,HR,FinanceDB,2017-04-23,Blocked,2028-01-26
4024,Jake,IT,Admin,2010-04-30,Allowed,2025-01-26
8876,Anna,HR,HRMS,2019-05-06,Blocked,2025-05-06
5015,Anna,HR,FinanceDB,2015-07-26,Allowed,2029-06-02
7898,Nina,HR,HRMS,2010-10-29,Blocked,2027-01-23
7939,Jake,IT,FinanceDB,2016-02-17,Allowed,2027-07-18
3017,Sara,IT,Admin,2017-02-08,Allowed,2025-11-24
5641,Lucy,HR,HRMS,2024-08-15,Blocked,2029-12-04
2554,Jake,IT,HRMS,2018-06-17,Blocked,2027-09-27
5507,Nina,Finance,Admin,2024-05-14,Allowed,2029-02-19
4756,Jerry,Finance,FinanceDB,2021-05-13,Allowed,2027-03-29
6764,Paul,IT,HRMS,2019-06-22,Blocked,2028-01-08
2708,Anna,IT,Admin,2011-01-01,Blocked,2025-04-20
4128,Sara,Finance,HRMS,2017-12-31,Blocked,2025-06-18
6954,Jerry,HR,Admin,2024-10-08,Blocked,2025-02-17
8784,Lucy,HR,FinanceDB,2024-06-18,Allowed,2025-03-31
8359,John,IT,Admin,2011-05-03,Blocked,2028-06-23
4162,Tom,HR,FinanceDB,2013-03-08,Allowed,2026-11-11
8590,Lucy,HR,HRMS,2023-11-15,Allowed,2028-11-23
7474,Jake,HR,HRMS,2016-10-16,Blocked,2027-07-26
2708,Anna,Finance,HRMS,2010-03-16,Allowed,2028-03-19
1282,Sara,Finance,FinanceDB,2020-10-17,Allowed,2029-12-02
9217,Tom,IT,Admin,2021-10-04,Blocked,2025-01-29
7541,Mark,Finance,Admin,2013-03-23,Blocked,2029-12-28
4351,Lucy,Finance,Admin,2016-06-25,Allowed,2026-09-12
1622,Jerry,HR,HRMS,2022-11-06,Allowed,2026-09-16
1908,Anna,HR,HRMS,2010-11-28,Blocked,2029-01-23
8223,Lucy,IT,FinanceDB,2015-01-08,Blocked,2028-12-11
6657,Jerry,IT,FinanceDB,2015-01-12,Blocked,2028-11-19
6797,Tom,IT,HRMS,2014-04-29,Allowed,2028-05-20
9574,Paul,IT,HRMS,2013-08-30,Blocked,2028-03-30
1329,Anna,IT,Admin,2023-05-24,Blocked,2025-04-24
4669,Sara,IT,HRMS,2013-12-03,Blocked,2026-08-19
4370,Nina,HR,FinanceDB,2020-04-17,Blocked,2025-08-24
7404,Paul,HR,FinanceDB,2022-09-12,Blocked,2026-05-29
9092,John,IT,FinanceDB,2013-08-31,Allowed,2029-01-28
8263,Mark,HR,FinanceDB,2012-10-21,Allowed,2025-03-12
7326,Paul,IT,HRMS,2016-05-30,Allowed,2026-11-02
6024,Sara,HR,Admin,2019-03-11,Allowed,2028-12-24
1622,Tom,HR,FinanceDB,2020-05-20,Blocked,2027-07-21
9652,Anna,HR,FinanceDB,2014-09-06,Blocked,2027-04-09
9002,Mark,Finance,HRMS,2021-05-08,Allowed,2028-06-04
4213,Anna,IT,FinanceDB,2013-01-12,Allowed,2026-10-30
1469,Sara,IT,HRMS,2019-12-30,Blocked,2029-01-25
6366,Lucy,IT,HRMS,2013-09-10,Blocked,2025-06-19
1666,John,HR,FinanceDB,2017-04-29,Blocked,2025-12-18
9633,Lucy,IT,Admin,2023-07-29,Blocked,2026-09-25
6535,Anna,IT,HRMS,2020-10-09,Blocked,2028-03-16
2623,Lucy,IT,HRMS,2020-01-22,Allowed,2026-05-13
1950,Lucy,IT,FinanceDB,2015-11-15,Blocked,2027-10-20
5835,Tom,HR,FinanceDB,2016-03-21,Allowed,2026-01-17
5928,John,HR,HRMS,2018-05-03,Allowed,2028-08-11
7116,Nina,Finance,FinanceDB,2015-10-07,Allowed,2027-01-15
8317,Lucy,Finance,HRMS,2016-03-18,Allowed,2029-02-04
9340,Jake,IT,HRMS,2016-04-13,Allowed,2025-11-30
1539,John,IT,HRMS,2024-09-21,Blocked,2028-05-02
5866,Jerry,HR,FinanceDB,2019-03-20,Blocked,2029-08-22
9568,Tom,Finance,Admin,2018-09-07,Blocked,2027-07-22
9485,Paul,HR,Admin,2010-12-29,Allowed,2029-07-29
9983,Sara,Finance,Admin,2010-07-14,Blocked,2029-06-23
3352,Jerry,IT,Admin,2020-03-12,Blocked,2029-08-15
6172,Jerry,IT,FinanceDB,2023-06-28,Allowed,2029-04-30
2071,John,HR,FinanceDB,2017-09-17,Allowed,2027-10-05
9687,Sara,HR,HRMS,2013-06-23,Allowed,2025-12-12
3480,Sara,HR,FinanceDB,2020-12-17,Blocked,2027-09-02
5548,Nina,HR,HRMS,2024-02-16,Blocked,2027-02-13
9154,Anna,Finance,HRMS,2010-03-02,Allowed,2026-07-08
8213,Lucy,IT,FinanceDB,2014-05-15,Blocked,2025-06-17
1615,Nina,HR,Admin,2015-09-30,Blocked,2025-04-06
9368,Nina,IT,FinanceDB,2014-05-14,Allowed,2025-04-10
5149,Mark,IT,FinanceDB,2019-04-07,Blocked,2027-06-01
4165,Sara,IT,FinanceDB,2017-09-22,Allowed,2029-07-26
5370,Sara,IT,Admin,2024-02-01,Blocked,2027-12-29
9452,Mark,HR,FinanceDB,2015-07-04,Allowed,2029-12-02
2009,Anna,HR,HRMS,2014-10-06,Blocked,2029-04-05
4939,Tom,IT,Admin,2013-07-11,Blocked,2029-02-19
1974,Mark,Finance,FinanceDB,2019-02-02,Allowed,2027-07-15
4561,Nina,HR,FinanceDB,2010-07-11,Blocked,2028-02-20
7577,Jake,Finance,FinanceDB,2015-02-05,Blocked,2028-11-28
4197,Anna,HR,Admin,2024-12-07,Allowed,2029-02-27
2708,Jake,IT,Admin,2020-09-19,Blocked,2025-03-01
2477,Paul,Finance,FinanceDB,2013-12-04,Blocked,2028-12-01
7567,Mark,IT,FinanceDB,2018-10-10,Allowed,2026-10-06
7475,Anna,HR,Admin,2013-08-28,Blocked,2029-03-11
8995,Tom,Finance,HRMS,2017-05-19,Allowed,2026-06-01
1064,Nina,HR,Admin,2010-01-17,Allowed,2028-06-29
5645,Jake,HR,Admin,2012-04-27,Allowed,2028-11-24
3101,Anna,HR,FinanceDB,2012-11-14,Blocked,2029-01-13
9963,Anna,Finance,FinanceDB,2011-06-19,Allowed,2025-01-12
7708,Mark,Finance,FinanceDB,2013-01-12,Allowed,2025-10-08
3202,Sara,IT,FinanceDB,2015-08-06,Allowed,2027-12-27
7918,Anna,IT,Admin,2020-01-23,Blocked,2027-03-08
1530,Mark,HR,Admin,2010-10-07,Allowed,2028-10-13
3843,Lucy,IT,FinanceDB,2024-06-23,Blocked,2025-06-29
3226,Nina,Finance,Admin,2021-12-18,Allowed,2028-11-27
3845,Lucy,IT,Admin,2019-05-31,Allowed,2025-07-24
4555,Anna,IT,FinanceDB,2018-11-11,Blocked,2026-06-12
8097,Mark,HR,FinanceDB,2010-08-30,Blocked,2028-03-19
4888,Jerry,IT,FinanceDB,2012-07-16,Allowed,2027-10-30
5860,Lucy,HR,HRMS,2010-06-10,Allowed,2027-12-26
9887,John,HR,FinanceDB,2018-05-01,Allowed,2026-03-07
7527,Paul,Finance,FinanceDB,2021-10-22,Allowed,2026-09-29
5901,Sara,HR,Admin,2017-03-09,Allowed,2028-07-10
5302,Nina,HR,Admin,2019-11-09,Allowed,2025-10-29
8404,Nina,Finance,Admin,2018-05-23,Blocked,2025-04-05
7923,John,IT,HRMS,2023-01-24,Allowed,2025-07-09
6262,Nina,Finance,HRMS,2024-04-07,Allowed,2025-02-10
1384,Lucy,HR,FinanceDB,2020-05-21,Blocked,2028-12-19
9985,Jake,IT,Admin,2011-08-03,Allowed,2028-02-26
1760,Mark,Finance,Admin,2018-05-20,Blocked,2028-04-16
5021,Paul,HR,Admin,2011-11-23,Allowed,2028-11-13
9461,John,HR,Admin,2017-04-29,Blocked,2028-04-07
4606,Tom,IT,FinanceDB,2020-01-22,Allowed,2027-12-24
3040,John,IT,HRMS,2016-02-23,Blocked,2028-06-13
5988,Tom,HR,FinanceDB,2020-11-02,Allowed,2025-09-08
4865,John,Finance,Admin,2021-09-16,Allowed,2029-04-08
3273,Jake,Finance,Admin,2021-05-31,Blocked,2029-08-12
4785,John,IT,FinanceDB,2018-08-27,Allowed,2027-06-16
1519,Nina,IT,Admin,2017-09-21,Allowed,2028-07-23
3408,Jake,IT,HRMS,2015-06-16,Blocked,2026-04-12
5207,Tom,HR,Admin,2019-08-31,Blocked,2028-07-19
9994,Sara,HR,Admin,2014-02-06,Blocked,2028-08-13
6874,Anna,HR,FinanceDB,2021-05-23,Blocked,2028-03-29
2738,Sara,IT,HRMS,2024-01-28,Allowed,2027-04-03
1656,John,Finance,Admin,2020-06-22,Allowed,2027-05-31
6983,Jerry,IT,Admin,2011-11-26,Blocked,2027-03-16
7052,Jerry,IT,FinanceDB,2011-01-26,Blocked,2028-09-16
8750,Jerry,HR,Admin,2021-06-13,Allowed,2029-02-13
4033,Tom,Finance,FinanceDB,2011-07-13,Blocked,2028-04-03
5911,Mark,IT,Admin,2016-01-07,Blocked,2027-07-21
2136,Mark,IT,Admin,2024-08-08,Allowed,2027-04-11
7383,Anna,IT,FinanceDB,2021-04-25,Blocked,2025-04-11
5326,Mark,Finance,FinanceDB,2013-11-02,Allowed,2026-01-02
6155,Jerry,HR,FinanceDB,2015-12-15,Allowed,2026-08-16
6177,Anna,IT,FinanceDB,2018-09-25,Allowed,2028-01-14
2841,Anna,IT,Admin,2015-11-18,Allowed,2027-04-23
5290,Nina,HR,Admin,2016-03-20,Allowed,2025-05-08
1544,Anna,IT,Admin,2024-12-23,Allowed,2026-02-20
5851,Jake,Finance,HRMS,2020-10-30,Blocked,2029-06-11
1305,John,HR,HRMS,2014-12-05,Blocked,2029-01-30
4254,Jake,IT,HRMS,2010-11-30,Allowed,2025-04-23
2130,Jake,IT,FinanceDB,2013-11-29,Allowed,2026-01-12
7491,Sara,IT,Admin,2024-12-07,Allowed,2027-11-15
9599,Sara,IT,FinanceDB,2017-07-08,Blocked,2029-11-15
8600,Nina,HR,FinanceDB,2022-09-28,Allowed,2029-08-21
2012,Paul,HR,FinanceDB,2022-03-09,Allowed,2029-12-03
1517,Sara,HR,FinanceDB,2024-08-25,Blocked,2027-08-03
5180,Mark,Finance,Admin,2019-12-12,Allowed,2029-03-24
1901,Jake,IT,Admin,2010-02-06,Allowed,2025-12-17
5360,Sara,Finance,HRMS,2015-10-24,Allowed,2029-12-19
2433,John,HR,HRMS,2021-12-12,Allowed,2026-06-02
2136,Anna,IT,Admin,2016-08-31,Blocked,2029-02-23
6953,Paul,HR,HRMS,2022-01-10,Blocked,2027-09-04
5954,Tom,IT,Admin,2024-08-31,Blocked,2027-09-18
4686,Nina,Finance,HRMS,2017-05-17,Allowed,2028-03-01
6523,Jerry,Finance,FinanceDB,2014-08-15,Blocked,2025-10-12
7061,Nina,IT,FinanceDB,2013-04-14,Allowed,2028-05-16
2975,Lucy,HR,Admin,2013-03-18,Allowed,2025-09-27
6477,Tom,HR,FinanceDB,2014-06-12,Allowed,2026-01-23
2828,Mark,HR,HRMS,2019-08-27,Allowed,2029-05-09
1208,Lucy,IT,FinanceDB,2012-09-09,Blocked,2028-11-01
7111,John,IT,Admin,2024-04-29,Blocked,2029-07-06
4797,Jerry,HR,FinanceDB,2015-08-19,Allowed,2028-04-27
5364,Sara,Finance,HRMS,2014-05-19,Blocked,2027-07-11
6048,Nina,Finance,HRMS,2016-04-16,Blocked,2027-11-06
1169,Lucy,IT,HRMS,2020-08-29,Blocked,2028-07-25
7489,Mark,IT,FinanceDB,2023-09-29,Blocked,2028-12-10
9681,Jake,IT,HRMS,2011-09-11,Blocked,2027-12-16
4312,Lucy,Finance,FinanceDB,2017-08-09,Blocked,2026-02-14
1421,Jake,HR,Admin,2023-05-02,Allowed,2025-12-27
1744,John,HR,FinanceDB,2024-03-26,Allowed,2025-12-24
9860,Nina,Finance,HRMS,2014-04-27,Allowed,2029-07-06
3691,Sara,IT,Admin,2018-06-17,Allowed,2026-11-10
2081,Jerry,IT,Admin,2014-05-03,Allowed,2026-09-07
2144,Paul,Finance,HRMS,2018-09-30,Allowed,2029-12-17
3428,Paul,HR,HRMS,2024-04-02,Allowed,2028-12-27
4107,Jake,IT,HRMS,2016-10-06,Allowed,2027-12-16
4887,Mark,Finance,Admin,2022-02-10,Allowed,2025-08-15
3273,Sara,IT,FinanceDB,2015-07-25,Allowed,2026-10-16
7109,Paul,Finance,Admin,2013-05-13,Allowed,2027-03-03
7983,Jake,HR,FinanceDB,2022-05-21,Blocked,2028-02-07
1256,Jerry,IT,Admin,2011-01-13,Allowed,2025-05-01
8535,John,Finance,HRMS,2011-01-10,Blocked,2025-12-07
1779,Lucy,IT,HRMS,2013-07-02,Blocked,2026-12-08
4891,Jerry,Finance,Admin,2019-05-07,Blocked,2028-05-20
7724,Lucy,Finance,FinanceDB,2011-09-04,Blocked,2028-07-03
9848,Mark,IT,Admin,2021-11-03,Blocked,2027-03-24
7623,Mark,HR,Admin,2010-11-26,Allowed,2027-06-29
6713,Anna,HR,Admin,2024-06-12,Blocked,2026-08-24
6676,Lucy,IT,FinanceDB,2012-12-19,Allowed,2028-09-21
5462,Jake,HR,FinanceDB,2014-11-04,Blocked,2026-02-08
5879,Jake,HR,HRMS,2022-09-06,Allowed,2026-10-09
6608,Nina,IT,FinanceDB,2011-08-11,Blocked,2028-07-26
8836,John,HR,Admin,2016-08-25,Blocked,2025-07-30
1141,John,Finance,HRMS,2016-02-29,Blocked,2025-11-15
3595,John,Finance,HRMS,2023-01-01,Blocked,2025-06-06
5830,John,HR,HRMS,2012-09-03,Blocked,2029-11-11
1919,Mark,HR,FinanceDB,2012-03-08,Allowed,2025-09-15
3660,Sara,IT,HRMS,2011-12-11,Blocked,2025-07-27
4848,Sara,IT,HRMS,2011-09-26,Blocked,2025-06-30
1870,Jerry,HR,Admin,2015-05-21,Allowed,2029-05-21
5855,Anna,HR,Admin,2023-01-29,Allowed,2027-05-03
4147,Paul,HR,FinanceDB,2018-05-01,Allowed,2029-11-01
6911,Paul,HR,FinanceDB,2024-02-23,Blocked,2026-11-13
7217,Anna,Finance,FinanceDB,2021-09-18,Blocked,2025-07-14
3504,Tom,IT,Admin,2020-11-30,Blocked,2028-03-29
7007,Lucy,IT,Admin,2016-06-22,Blocked,2027-07-27
1716,Jerry,IT,Admin,2023-06-18,Allowed,2028-01-03
8141,Jerry,IT,HRMS,2014-01-27,Allowed,2028-10-23
9923,Sara,Finance,Admin,2020-04-06,Allowed,2029-01-06
3071,Mark,IT,HRMS,2018-11-30,Allowed,2026-01-31
8054,Anna,HR,HRMS,2024-01-17,Allowed,2027-05-01
6586,Lucy,Finance,FinanceDB,2018-10-23,Allowed,2027-05-07
4032,Tom,IT,HRMS,2011-05-29,Allowed,2025-11-20
9168,Tom,IT,HRMS,2013-06-24,Blocked,2029-07-02
7342,Tom,IT,Admin,2019-09-16,Allowed,2028-01-20
5171,Tom,IT,Admin,2014-01-01,Blocked,2027-07-07
9400,Lucy,IT,HRMS,2013-12-28,Blocked,2025-08-24
4134,Tom,HR,Admin,2021-01-19,Allowed,2025-07-09
9381,Mark,Finance,Admin,2013-10-11,Allowed,2029-04-02
1750,John,IT,HRMS,2018-01-23,Allowed,2027-06-16
8093,Tom,Finance,Admin,2011-02-01,Allowed,2028-09-29
6566,Mark,HR,Admin,2010-06-27,Blocked,2025-04-30
4873,Tom,Finance,HRMS,2013-12-27,Blocked,2026-12-02
7510,Sara,IT,HRMS,2016-10-05,Blocked,2026-08-15
7942,Jerry,HR,FinanceDB,2018-09-11,Allowed,2025-01-07
1390,Mark,Finance,HRMS,2014-04-25,Allowed,2029-02-02
6550,Lucy,Finance,HRMS,2017-04-10,Blocked,2028-12-29
5928,John,IT,FinanceDB,2018-06-03,Allowed,2028-06-07
5200,Jerry,HR,FinanceDB,2016-03-02,Blocked,2026-08-17
9930,Jake,IT,FinanceDB,2018-03-08,Blocked,2025-07-28
5318,Jerry,Finance,HRMS,2014-08-23,Blocked,2029-02-08
2166,Sara,IT,FinanceDB,2017-02-17,Blocked,2025-09-23
6038,Paul,HR,Admin,2018-11-03,Allowed,2027-06-10
7463,Sara,Finance,FinanceDB,2017-01-17,Blocked,2027-03-14
3245,Jake,HR,HRMS,2019-12-12,Allowed,2027-08-22
5027,Jerry,IT,Admin,2024-07-22,Allowed,2029-06-22
6748,John,HR,Admin,2017-03-05,Allowed,2029-07-28
2586,Sara,Finance,Admin,2024-02-06,Blocked,2028-06-20
3799,Anna,Finance,FinanceDB,2022-06-13,Allowed,2029-03-03
1024,Anna,Finance,FinanceDB,2022-11-07,Allowed,2025-04-04
4994,Nina,HR,HRMS,2011-01-13,Blocked,2029-10-22
3807,Sara,Finance,Admin,2013-07-31,Allowed,2025-07-02
1736,Nina,Finance,Admin,2010-07-20,Blocked,2026-06-28
8280,Mark,HR,Admin,2015-07-28,Blocked,2028-12-31
2167,Jake,Finance,FinanceDB,2019-09-10,Allowed,2028-03-20
7364,Anna,HR,FinanceDB,2016-04-16,Blocked,2028-01-23
2945,Mark,IT,HRMS,2022-02-05,Allowed,2029-01-05
6915,Lucy,HR,HRMS,2012-06-05,Blocked,2027-07-24
8004,Tom,HR,Admin,2023-11-29,Blocked,2025-09-03
9244,Jake,Finance,HRMS,2023-12-29,Blocked,2025-12-11
2212,John,Finance,HRMS,2016-04-23,Allowed,2025-07-28
5033,Sara,HR,HRMS,2010-06-14,Allowed,2027-03-15
9266,Lucy,HR,FinanceDB,2013-07-03,Allowed,2029-06-15
8832,Jake,Finance,FinanceDB,2023-07-12,Allowed,2027-11-18
4533,Tom,HR,FinanceDB,2012-06-14,Allowed,2029-10-05
7533,Jake,IT,HRMS,2018-03-07,Allowed,2026-05-10
2305,Nina,HR,HRMS,2018-07-29,Allowed,2029-01-13
5908,John,HR,FinanceDB,2021-03-30,Blocked,2028-10-01
4707,Paul,IT,Admin,2015-09-04,Allowed,2026-03-14
6707,John,IT,Admin,2011-06-20,Allowed,2029-03-07
5598,John,HR,HRMS,2011-12-30,Blocked,2027-12-04
7496,Lucy,Finance,HRMS,2015-11-26,Blocked,2026-06-04
8891,Tom,HR,HRMS,2011-10-26,Allowed,2026-11-14
4093,Mark,HR,Admin,2013-12-17,Blocked,2025-11-16
1619,Mark,HR,Admin,2018-04-14,Allowed,2027-05-27
8210,Sara,Finance,HRMS,2011-01-02,Blocked,2026-11-04
9348,Sara,HR,HRMS,2015-09-22,Allowed,2029-08-13
3178,Sara,Finance,Admin,2020-11-10,Blocked,2026-12-02
9441,Lucy,HR,Admin,2010-01-13,Allowed,2026-12-11
4483,Jake,HR,Admin,2020-06-22,Allowed,2025-12-13
1928,Anna,IT,Admin,2014-03-05,Allowed,2029-08-02
7411,Nina,HR,Admin,2017-04-20,Allowed,2026-10-05
1687,Nina,Finance,HRMS,2013-12-17,Allowed,2027-01-08
6771,Anna,HR,FinanceDB,2018-10-11,Allowed,2029-06-27
4786,Lucy,IT,FinanceDB,2024-04-22,Blocked,2029-08-03
8107,Jake,HR,FinanceDB,2016-03-21,Blocked,2026-09-21
5771,Anna,HR,Admin,2014-06-30,Blocked,2025-01-27
6042,Jake,IT,FinanceDB,2010-06-24,Allowed,2026-01-25
4060,John,IT,Admin,2024-09-02,Allowed,2027-06-01
3265,Nina,IT,FinanceDB,2019-07-08,Blocked,2025-06-27
3967,Paul,IT,FinanceDB,2024-02-17,Blocked,2026-08-06
8276,Jerry,Finance,HRMS,2016-03-30,Allowed,2026-05-05
4400,Nina,Finance,HRMS,2010-03-24,Blocked,2025-04-10
6821,Jake,IT,FinanceDB,2019-08-02,Blocked,2026-01-20
8938,Paul,IT,Admin,2022-08-12,Allowed,2025-03-10
5157,Jake,HR,HRMS,2012-08-08,Allowed,2025-04-10
9957,Tom,Finance,HRMS,2024-08-25,Allowed,2029-08-27
8358,Paul,Finance,FinanceDB,2011-03-19,Allowed,2028-04-19
9335,Sara,Finance,Admin,2011-11-20,Allowed,2027-01-10
3170,Paul,IT,Admin,2020-07-09,Allowed,2027-06-29
6228,Mark,IT,FinanceDB,2024-03-04,Allowed,2027-04-06
7566,Sara,Finance,HRMS,2020-05-08,Allowed,2027-06-08
6140,Paul,Finance,FinanceDB,2019-02-22,Blocked,2025-08-14
2209,Paul,Finance,FinanceDB,2016-07-26,Allowed,2029-11-23
7496,Tom,IT,Admin,2021-03-05,Allowed,2025-06-13
3633,Anna,HR,FinanceDB,2016-02-24,Allowed,2029-08-29
8938,Jake,IT,FinanceDB,2010-02-28,Allowed,2028-09-24
4885,Paul,Finance,FinanceDB,2012-12-19,Allowed,2028-09-27
8140,Jerry,HR,HRMS,2024-07-17,Blocked,2025-11-13
2438,Jake,HR,Admin,2018-05-02,Allowed,2028-09-11
3570,Jerry,HR,Admin,2017-05-08,Blocked,2027-05-02
6028,Sara,HR,Admin,2016-04-08,Allowed,2026-03-21
5698,Sara,IT,HRMS,2014-10-14,Allowed,2029-11-19
3797,Sara,Finance,HRMS,2022-08-20,Blocked,2026-01-13
2795,Nina,HR,HRMS,2022-02-10,Blocked,2028-05-01
4930,Paul,IT,Admin,2013-07-31,Blocked,2027-11-18
7735,Anna,IT,FinanceDB,2019-06-03,Allowed,2026-02-27
1082,Tom,Finance,FinanceDB,2010-03-31,Allowed,2027-07-26
4944,Tom,IT,FinanceDB,2022-08-18,Blocked,2027-12-23
5820,Tom,Finance,Admin,2013-09-17,Allowed,2028-04-17
1479,Tom,HR,Admin,2014-06-11,Blocked,2025-10-10
5999,Jerry,Finance,HRMS,2017-11-08,Allowed,2025-08-25
7011,Sara,HR,HRMS,2017-12-19,Allowed,2027-10-17
8475,Tom,Finance,HRMS,2015-10-29,Blocked,2029-01-03
9974,Lucy,HR,HRMS,2019-06-19,Allowed,2029-05-26
4124,Anna,HR,HRMS,2022-11-27,Blocked,2026-06-10
5360,Mark,Finance,Admin,2013-01-31,Allowed,2025-11-24
3064,Anna,HR,Admin,2016-11-16,Allowed,2029-07-05
4322,Paul,Finance,FinanceDB,2017-10-30,Blocked,2029-03-13
4093,Tom,IT,Admin,2019-12-10,Blocked,2025-10-27
5387,Sara,IT,FinanceDB,2022-08-28,Allowed,2026-08-31
7620,Anna,Finance,HRMS,2018-08-05,Allowed,2026-05-12
3098,Nina,Finance,HRMS,2023-04-24,Blocked,2025-07-19
8696,Paul,IT,Admin,2013-10-03,Allowed,2028-07-21
4948,John,HR,HRMS,2010-06-27,Allowed,2025-01-04
5652,Mark,IT,HRMS,2017-09-23,Blocked,2029-03-20
9371,Tom,Finance,HRMS,2015-05-31,Blocked,2025-09-28
1742,Paul,Finance,HRMS,2011-01-11,Allowed,2025-08-14
8474,John,IT,FinanceDB,2015-06-12,Blocked,2027-08-24
1368,John,HR,FinanceDB,2014-09-06,Blocked,2027-09-24
1678,Lucy,Finance,HRMS,2010-05-24,Allowed,2025-07-16
5616,Mark,IT,HRMS,2011-04-08,Blocked,2027-01-25
6097,Tom,Finance,FinanceDB,2013-04-19,Blocked,2027-03-13
1999,Jake,IT,Admin,2012-09-05,Allowed,2027-11-30
6656,Lucy,IT,Admin,2014-07-31,Allowed,2025-01-15
7791,Sara,HR,HRMS,2011-02-21,Allowed,2025-02-20
3641,Jerry,IT,HRMS,2021-04-27,Allowed,2027-02-18
6024,John,HR,HRMS,2021-10-10,Blocked,2029-02-09
6737,Jake,HR,HRMS,2012-03-26,Allowed,2025-02-01
9149,Sara,IT,FinanceDB,2020-02-24,Allowed,2025-06-09
5616,Lucy,IT,Admin,2010-08-03,Blocked,2028-10-07
9032,Anna,HR,Admin,2022-01-21,Allowed,2027-10-15
5259,Sara,HR,Admin,2011-02-16,Allowed,2026-04-01
1241,Lucy,HR,HRMS,2022-12-14,Blocked,2029-08-01
1389,Anna,Finance,FinanceDB,2016-09-10,Blocked,2028-12-11
1993,Lucy,IT,Admin,2017-05-14,Allowed,2025-03-11
3975,Jake,IT,Admin,2020-11-03,Allowed,2028-11-18
1368,John,IT,HRMS,2021-09-23,Blocked,2029-09-11
3507,Mark,Finance,HRMS,2015-05-28,Allowed,2025-10-08
2045,Tom,HR,Admin,2010-01-06,Allowed,2029-06-28
1668,Jerry,IT,FinanceDB,2017-11-29,Blocked,2027-07-26
4884,Paul,Finance,FinanceDB,2017-08-02,Allowed,2028-02-04
3910,Sara,IT,FinanceDB,2014-04-22,Allowed,2028-06-15
4670,Tom,IT,HRMS,2011-01-24,Blocked,2027-09-05
1098,Nina,IT,FinanceDB,2015-02-26,Allowed,2026-11-13
7801,Anna,Finance,FinanceDB,2011-05-18,Blocked,2027-09-29
2845,Nina,HR,HRMS,2010-06-01,Blocked,2026-06-11
2650,Sara,IT,FinanceDB,2021-01-16,Blocked,2025-01-15
1142,Sara,IT,Admin,2022-03-05,Allowed,2029-10-24
3291,John,HR,HRMS,2019-07-12,Allowed,2026-03-30
9505,Sara,IT,HRMS,2013-01-02,Allowed,2025-06-20
8333,Nina,HR,Admin,2010-03-28,Allowed,2028-12-17
8463,Tom,Finance,FinanceDB,2015-06-20,Allowed,2028-09-05
4903,Anna,IT,Admin,2020-11-01,Blocked,2025-08-14
1084,Paul,IT,HRMS,2016-08-16,Allowed,2029-01-06
4008,Sara,IT,FinanceDB,2015-07-29,Blocked,2025-01-09
3854,Mark,HR,FinanceDB,2023-11-13,Blocked,2025-08-10
3404,Mark,HR,Admin,2022-02-18,Allowed,2026-12-17
4639,Lucy,HR,Admin,2015-12-19,Blocked,2029-11-24
6035,Mark,IT,HRMS,2020-11-30,Allowed,2027-06-22
5277,John,Finance,Admin,2024-05-15,Allowed,2026-09-29
3518,Nina,IT,HRMS,2018-02-04,Allowed,2028-02-18
3973,Jake,Finance,HRMS,2018-05-30,Allowed,2026-01-26
1368,Sara,Finance,FinanceDB,2014-01-05,Allowed,2028-09-24
6635,Jerry,HR,HRMS,2022-02-22,Blocked,2026-07-03
8047,Nina,HR,HRMS,2012-01-04,Blocked,2029-01-18
7577,Anna,HR,Admin,2013-12-02,Blocked,2029-12-23
3647,Anna,IT,FinanceDB,2024-11-07,Blocked,2025-08-23
5104,Tom,HR,Admin,2018-10-04,Blocked,2026-12-03
4907,Jake,IT,Admin,2019-09-19,Blocked,2027-10-07
3122,Lucy,Finance,HRMS,2016-11-21,Allowed,2028-09-15
2557,Mark,IT,FinanceDB,2016-11-29,Blocked,2027-09-01
1952,Tom,Finance,FinanceDB,2012-11-15,Blocked,2027-02-18
8477,Anna,Finance,HRMS,2011-09-14,Blocked,2025-08-08
